last_score,max_score,epoch
0.50,0.50,0
0.51,0.51,1
0.5,0.51,1

0.49,0.51,1
0.49,0.51,1
0.51,0.51,1
0.56,0.56,6
0.55,0.56,6
0.5,0.56,6
0.43999999999999995,0.56,6
0.48,0.56,6
0.5299999999999999,0.56,6
0.51,0.56,6
0.5,0.56,6
0.54,0.56,6
0.52,0.56,6
0.54,0.56,6
0.44999999999999996,0.56,6
0.58,0.58,18
0.58,0.58,18
0.5599999999999999,0.58,18
0.5399999999999999,0.58,18
0.47,0.58,18
0.6,0.6,23
